,unique_id,date_close,date_open,oplata
0,081101719,,,
1,081101724,,,
2,081109237,,,
3,081108534,,,
4,081102140,,,
5,081102990,,,
6,081107087,,,
7,081110837,,,
8,081108636,,,
9,081110868,,,
10,081102989,,,
11,081101745,,,
12,081108535,,,
13,081101723,,,
14,081101750,,,
15,081108417,,,450
16,081101725,,,450
17,081103323,,,
18,081106903,,,
19,081101715,,,
20,081106247,,,
21,081101718,,,
22,081104202,,,450
23,081105728,,,
24,081101798,,,
25,081109238,,,
26,081101747,,,
27,081106655,,,
28,081101722,,,
29,081101721,,,
30,081101726,,,
31,081106205,12-09-22,27-09-22,
32,081101731,,,
33,081105963,,,
34,081110583,,,
35,081106083,,,
36,081101716,,,
37,081104851,,,
38,081108397,,,450
39,081108407,,,450
40,081108696,,,
41,081109240,,,450
42,081101733,,,
43,081101732,,,
44,081101746,,,
45,081101847,,,
46,081102976,,,
47,081109241,,,450
48,081109242,,,
49,081101720,,,
50,081101796,,,
51,081101717,,,
52,090201548,,,450
53,090200742,,,
54,090203004,,,
55,090201073,,,
56,090200741,,,450
57,090203859,,,450
58,090201042,,,450
59,090203689,,,450
60,090201159,,,450
61,090203508,,,450
62,090200737,,,450
63,090201100,,,450
64,090203924,,,450
65,090200720,,,450
66,090201204,,,450
67,090202960,,,450
68,090200723,,,450
69,090203509,,,450
70,090200730,,,450
71,090203692,,,450
72,090202892,,,450
73,031007570,,,350
74,031007043,,,350
75,031006738,,,350
76,031004577,,,350
77,031005314,,,350
78,031006831,,,350
79,031005315,,,350
80,031007468,,,350
81,031007283,,,350
82,060505742,,,
83,060502509,,,
84,060505059,,,
85,060502451,,,
86,060504087,,,
87,060504995,,,
88,060505657,,,
89,060505352,,,350
90,060505286,,,350
91,060502385,,,
92,060504266,,,350
93,060503945,21-09-22,22-09-22,
94,060505064,,,
95,060503149,,,
96,060503782,14-09-22,20-09-22,
97,060503703,,,
98,060504267,,,350
99,020606844,,,
100,020606954,,,
101,020606926,,,
102,020606631,,,
103,020607229,,,
104,020604530,,,
105,020604218,,,
106,020606963,,,
107,020606964,,,
108,020601632,,,
109,020604217,,,
110,020606952,,,
111,020601610,,,
112,020601611,,,
113,020606965,,,
114,020606967,,,
115,020606966,,,
116,020604219,,,
117,020601716,,,
118,020606971,,,
119,020607088,,,
120,020604364,15-08-22,16-08-22,
121,020606955,,,
122,020606969,,,
123,020601605,,,
124,020606899,14-09-22,16-09-22,
125,020601638,,,
126,020606970,,,
127,020604261,,,
128,020606953,,,
129,020201695,,,
130,020201698,,,
131,020208025,,,
132,020203395,,,
133,020203057,,,
134,020202163,,,
135,020201831,,,
136,020208179,24-09-22,25-09-22,
137,020205738,,,
138,020205730,,,
139,020208892,,,
140,020203510,08-09-22,09-09-22,
141,020201674,,,
142,020205386,,,
143,020201702,,,
144,020208895,,,
145,020208894,,,
146,020203063,,,
147,020208083,,,
148,020208549,,,
149,020201700,,,
150,020208897,,,
151,020203299,,,
152,020205735,,,
153,020202018,,,
154,020208896,,,
155,020201697,,,
156,020203394,,,
157,020202162,,,
158,020201676,,,
159,020208547,,,
160,010107287,,,
161,010107423,20-09-22,30-09-22,
162,010107455,,,
163,010104926,,,
164,010106882,,,
165,010104828,,,350
166,010105370,04-09-22,05-09-22,
167,010107557,,,
168,010101102,,,350
169,010107418,,,
170,060206131,19-09-22,26-09-22,
171,060209525,,,
172,060209892,10-09-22,11-09-22,
173,060209963,,,
174,060203720,,,
175,060209893,,,
176,060210385,24-09-22,26-09-22,
177,060209964,,,
178,030207129,,,350
179,030203762,,,350
180,030203731,,,350
181,030240860,,,350
182,030240854,,,250
183,030205359,,,250
184,030205677,,,250
185,030205356,,,250
186,030203696,,,250
187,030240797,,,350
188,030240788,,,350
189,030240781,,,350
190,030240798,,,350
191,030207018,,,350
192,030241169,,,350
193,030206915,,,350
194,030241212,,,350
195,030205106,,,350
196,030206851,,,350
197,030203745,,,350
198,030211157,,,
199,020309245,,,
200,020309071,17-09-22,20-09-22,
201,020308918,,,
202,020309076,,,
203,020308589,,,
204,020309207,,,
205,020309249,,,
206,020308914,,,
207,020309248,,,
208,020306830,,,
209,020301990,,,
210,020302104,,,
211,020309275,,,
212,020309070,,,
213,020309232,,,
214,020302007,,,
215,020302006,,,
216,020309075,,,
217,020309072,,,
218,020305275,,,
219,020309074,,,
220,020309233,,,
221,020309478,,,
222,020309247,,,
223,091504594,,,450
224,091505490,,,450
225,091507927,23-09-22,27-09-22,450
226,091507839,,,450
227,091507634,,,450
228,091507809,26-09-22,27-09-22,450
229,091508217,,,450
230,091507864,,,450
231,091507707,,,450
232,091504587,,,450
233,091506827,,,450
234,091511054,,,450
235,091507489,,,450
236,091507494,,,450
237,091506829,,,450
238,091511053,,,450
239,091504475,,,450
240,091504356,,,450
241,091511109,,,450
242,091507422,,,450
243,091507671,,,450
244,010201263,,,
245,010201258,,,
246,010204991,,,
247,010201328,,,
248,010201274,,,
249,010203978,,,
250,010204733,,,
251,010205744,,,
252,010201277,,,
253,010204648,,,
254,091216413,04-08-22,06-08-22,
255,091218283,,,450
256,091213958,,,
257,091205922,,,
258,091217629,19-09-22,20-09-22,
259,091217010,,,
260,091217614,,,
261,091205925,,,
262,091217617,,,
263,091212326,,,
264,091205073,,,450
265,091208983,,,450
266,091218700,,,450
267,091216985,,,450
268,091217630,,,450
269,091212255,,,450
270,091203211,,,450
271,091203086,07-09-22,09-09-22,
272,091208634,,,
273,091217256,,,
274,091212946,,,
275,091211865,,,450
276,060300542,,,
277,060301603,,,
278,060301745,,,
279,060300553,,,
280,060300544,,,
281,030308194,,,
282,030303009,,,
283,030307941,,,
284,030303317,,,
285,030307929,,,
286,030342095,,,
287,030310601,,,
288,030307931,,,
289,030303878,,,
290,030309621,,,
291,030307890,,,
292,030341045,,,
293,030310171,,,
294,030342386,,,
295,030341047,,,
296,030303828,,,
297,010307752,,,
298,010307487,,,
299,010303676,28-07-22,29-07-22,
300,010300975,,,
301,010300930,,,
302,010305179,,,
303,010302364,,,
304,010306312,,,
305,010302370,13-08-22,15-08-22,
306,010307812,01-08-22,02-08-22,
307,010300976,19-08-22,20-08-22,
308,010307431,,,
309,010303677,,,
310,010300910,,,
311,010305790,,,
312,010300913,,,
313,010300915,,,
314,090400679,,,450
315,090400341,,,
316,090400489,,,
317,090400463,,,
318,060400589,,,
319,060400586,,,
320,060402214,,,
321,060402215,,,
322,060401431,,,
323,060402551,,,
324,080905690,,,450
325,080911420,,,450
326,080903282,,,450
327,080903798,,,450
328,080905563,,,350
329,080911785,,,350
330,080906393,,,450
331,080903209,04-09-22,05-09-22,450
332,080905785,,,450
333,080908416,,,450
334,080905328,,,450
335,040202050,,,
336,040205402,,,
337,040202044,30-08-22,05-09-22,
338,040202045,,,
339,040209389,,,
340,040209370,,,
341,040202432,,,
342,040208695,09-09-22,10-09-22,
343,040202039,17-09-22,18-09-22,
344,040210988,,,
345,040202030,,,
346,040210979,06-09-22,12-09-22,
347,040210981,,,
348,040210986,,,
349,040202185,,,
350,040209573,09-09-22,18-09-22,
351,040202046,,,
352,040202037,03-09-22,05-09-22,
353,040205401,,,
354,040209541,,,
355,040202032,,,
356,040211535,,,
357,040202041,,,
358,040204875,,,
359,040211644,,,
360,040211039,,,
361,040202038,,,
362,040209586,,,
363,040202035,17-09-22,19-09-22,
364,040204580,,,
365,040202431,11-09-22,12-09-22,
366,040210978,,,
367,040209732,,,
368,040202095,,,
369,040211054,,,
370,040211536,,,
371,040204096,,,
372,040202034,,,
373,040209376,11-09-22,12-09-22,
374,040209361,,,
375,040211044,,,
376,010405890,19-09-22,20-09-22,350
377,010405886,,,350
378,010401889,,,
379,010400520,05-09-22,03-10-22,
380,010400508,,,350
381,010400510,25-08-22,26-08-22,350
382,010400524,,,
383,010405883,,,350
384,010400525,,,350
385,010400511,,,350
386,010400526,,,
387,010405378,,,
388,010405377,,,
389,010400515,,,350
390,010401508,,,350
391,010404000,02-08-22,03-08-22,350
392,010400529,,,350
393,010405887,,,350
394,010405884,,,350
395,010405888,,,350
396,010405889,,,350
397,010405237,,,350
398,010405891,,,350
399,010405885,,,350
400,010400509,,,350
401,061502869,,,350
402,060600768,,,350
403,061502886,,,
404,061502868,,,
405,061503925,,,
406,060116142,,,350
407,061503968,,,350
408,060118321,16-08-22,18-08-22,350
409,060112625,03-09-22,04-09-22,350
410,060116714,,,350
411,061502875,,,350
412,060108568,,,350
413,061502870,,,350
414,060110048,23-09-22,24-09-22,350
415,060114509,,,350
416,060111290,,,350
417,060117082,,,350
418,060115797,,,350
419,060118371,,,350
420,060114487,,,350
421,061503965,,,350
422,061502876,,,
423,060110112,,,350
424,060600439,,,350
425,060113163,,,
426,060108437,,,
427,060118273,,,
428,060108460,,,
429,060108438,,,
430,061502911,,,350
431,060111806,,,350
432,061503426,,,
433,061403001,,,350
434,060110479,,,
435,060601002,,,350
436,060116796,,,
437,060108594,,,350
438,060113226,,,
439,061503967,,,350
440,061503007,,,350
441,061503529,,,350
442,060114316,,,350
443,060110046,,,350
444,060116080,,,350
445,060110511,,,350
446,060111440,,,350
447,060118312,,,350
448,060601001,,,350
449,060114497,29-07-22,30-07-22,350
450,060114433,,,
451,060117621,,,
452,060118175,,,
453,060118374,,,
454,060118791,,,
455,060114430,,,
456,060116126,,,
457,060113164,,,
458,060111809,,,
459,060114535,,,
460,060117635,,,
461,060111341,,,
462,060118319,,,
463,060118174,,,350
464,061502872,,,350
465,060108453,,,350
466,060108457,,,350
467,060110336,,,350
468,060114431,,,350
469,061503920,,,350
470,060118373,,,350
471,060108488,,,350
472,060108454,,,350
473,060117458,,,350
474,061502952,,,350
475,060114488,,,350
476,060114511,,,350
477,060116107,,,350
478,061502867,21-09-22,11-10-22,300
479,061503562,,,300
480,061503924,,,300
481,061502877,,,300
482,060116105,,,
483,060116153,,,
484,060116106,28-07-22,29-07-22,350
485,060118412,,,350
486,060110082,,,350
487,060118690,,,350
488,060116021,,,350
489,060111887,,,350
490,061503921,,,350
491,060115097,,,350
492,060115727,,,
493,060108519,,,350
494,060118370,,,350
495,061503945,,,350
496,060115095,,,350
497,060114489,,,350
498,060118320,,,350
499,060111248,,,350
500,061503969,,,350
501,060115796,,,350
502,060113638,,,350
503,061503966,,,
504,061503487,10-09-22,19-09-22,350
505,060110047,,,350
506,060108439,,,350
507,060113121,28-07-22,31-07-22,350
508,060111301,,,350
509,060108434,,,350
510,060108436,,,350
511,060108461,,,350
512,061503417,,,350
513,060118492,,,350
514,060118529,,,350
515,061503582,,,350
516,060114583,,,350
517,060118411,,,350
518,060600443,07-09-22,17-09-22,350
519,080209767,,,450
520,080209491,,,450
521,080212424,,,450
522,080204985,,,450
523,080212882,,,450
524,080213606,,,450
525,080212937,,,450
526,080210410,,,
527,080204437,,,450
528,080204514,02-09-22,25-09-22,450
529,080205075,,,450
530,080210412,,,450
531,080210492,02-09-22,30-09-22,450
532,080205825,,,450
533,080212837,,,450
534,080205549,,,450
535,080212891,,,450
536,080212827,,,450
537,080208848,,,450
538,080212804,,,450
539,080210411,,,
540,080210407,02-09-22,10-09-22,
541,080204447,,,
542,080212423,,,
543,080205213,,,
544,080212947,,,
545,080212426,,,
546,080209010,,,
547,080204762,,,450
548,080205839,,,450
549,080206986,,,450
550,080209141,,,450
551,080210413,,,450
552,080300285,,,450
553,080212832,,,450
554,080206638,,,450
555,080205077,,,
556,080204438,06-09-22,09-09-22,
557,080210408,,,450
558,080212404,,,450
559,080213605,,,450
560,080204424,,,450
561,070205059,,,350
562,070203632,,,350
563,070203550,,,350
564,070203631,,,350
565,070203548,,,350
566,070204997,,,350
567,070205057,,,350
568,070203547,,,350
569,070205090,,,
570,070203272,,,
571,070203633,,,
572,070201935,,,
573,070202007,,,
574,070202717,,,350
575,070203557,,,350
576,070201125,,,350
577,070205072,,,350
578,070203556,,,350
579,070205068,,,350
580,070201122,,,350
581,070205084,,,350
582,070203546,,,350
583,070201121,,,350
584,070201123,,,350
585,070201126,,,350
586,020405655,,,
587,020404336,,,
588,020403471,,,
589,020401349,08-09-22,15-09-22,
590,020405485,,,
591,020405580,,,
592,020401344,,,
593,020401373,,,
594,020405578,,,
595,020401363,,,
596,020405725,,,
597,020405523,,,
598,020401485,,,
599,020405521,,,
600,020405522,,,
601,020405574,,,
602,020405486,,,
603,020401406,,,
604,020405573,,,
605,020401410,,,
606,020405576,,,
607,020405482,,,
608,020405577,,,
609,020405484,02-09-22,18-09-22,
610,020403472,,,
611,020506596,,,
612,020504499,,,
613,020502112,,,
614,020506592,,,
615,020506603,,,
616,020504889,,,
617,020506595,,,
618,020506502,,,
619,020506598,,,
620,020501319,,,
621,020504129,,,
622,020502078,,,
623,020506642,,,
624,020506588,,,
625,020501334,,,
626,090600582,,,450
627,090600600,,,450
628,090600182,,,450
629,090600586,,,450
630,090600186,,,450
631,090600185,,,450
632,090600179,,,450
633,090600583,,,450
634,000178618,,,
635,000173735,,,
636,000210739,,,
637,000216040,,,
638,000227527,,,
639,000174330,,,
640,000231245,,,
641,000174285,14-09-22,15-09-22,
642,000182617,,,
643,000227528,,,
644,000210523,,,
645,000224344,,,
646,000127997,16-09-22,17-09-22,
647,000174254,06-09-22,07-09-22,
648,000174249,21-09-22,29-09-22,
649,000234194,,,
650,000208105,02-09-22,03-09-22,
651,000243090,,,
652,000208106,,,
653,000245367,20-09-22,29-09-22,
654,000226190,,,
655,000116672,,,
656,000243091,02-09-22,03-09-22,
657,000182509,,,
658,000210522,,,
659,000174812,06-09-22,19-09-22,
660,000233919,,,
661,000233897,,,
662,000174395,,,
663,000174309,,,
664,000210772,,,
665,000210740,,,
666,000173995,,,
667,000234192,,,
668,000210526,,,
669,000185970,21-09-22,29-09-22,
670,000216039,,,
671,000226196,,,
672,000224345,,,
673,000245368,,,
674,000233898,,,
675,000174352,05-09-22,19-09-22,
676,000233853,,,
677,000192795,,,
678,000233881,,,
679,000185992,,,
680,000226200,,,
681,000224605,,,
682,000224606,,,
683,000174329,,,
684,000227579,,,
685,000224346,,,
686,000233899,,,
687,000227573,,,
688,000233900,,,
689,000226909,,,
690,000226741,,,
691,000227526,,,
692,000127996,,,
693,000226740,,,
694,000174325,05-09-22,19-09-22,
695,000174280,,,
696,000174333,,,
697,000116673,,,
698,000226197,,,
699,000233901,,,
700,000117300,,,
701,000174252,02-09-22,03-09-22,
702,000227231,,,
703,000233904,,,
704,000207928,,,
705,000233902,,,
706,000233903,,,
707,000227524,,,
708,000117143,12-09-22,26-09-22,
709,000225425,,,
710,000227572,,,
711,000226193,,,
712,000226194,,,
713,000192900,05-09-22,19-09-22,
714,000175074,20-09-22,29-09-22,
715,000226908,,,
716,000116662,,,
717,000236108,,,
718,000226739,,,
719,000173897,,,
720,000173999,07-09-22,08-09-22,
721,000192251,,,
722,000226191,,,
723,000215960,,,
724,000226156,,,
725,000236259,,,
726,000233905,,,
727,000233906,,,
728,000245397,,,
729,000173960,05-09-22,06-09-22,
730,000231236,,,
731,000246271,,,
732,000174261,,,
733,000174538,,,
734,000174267,,,
735,000240428,,,
736,000209070,,,
737,000233907,,,
738,000234197,,,
739,000174207,,,
740,000225426,,,
741,000229473,,,
742,000226192,,,
743,000205849,,,
744,000226199,,,
745,000224347,,,
746,000231237,,,
747,000192621,,,
748,000174324,,,
749,000174203,,,
750,000245369,,,
751,000231240,,,
752,000226198,,,
753,000178698,,,
754,000210525,,,
755,000231246,,,
756,000233908,,,
757,000233909,,,
758,000116793,,,
759,000210521,,,
760,000225423,,,
761,000117364,,,
762,000226157,,,
763,000216700,,,
764,000229476,,,
765,000226155,,,
766,000174401,,,
767,000211322,,,
768,000116928,,,
769,000173996,,,
770,000174492,,,
771,000226195,,,
772,000173949,,,
773,000174200,,,
774,000229475,,,
775,000224603,,,
776,000234189,11-08-22,13-08-22,
777,000174370,,,
778,000174242,,,
779,000235937,,,
780,000192990,,,
781,000224607,,,
782,000226910,,,
783,000174332,,,
784,000233910,,,
785,000233911,,,
786,000174609,,,
787,000174640,,,
788,000173880,,,
789,000211634,,,
790,000245396,,,
791,000174288,,,
792,000119782,,,
793,000174258,14-09-22,15-09-22,
794,000226201,,,
795,000233912,,,
796,000206517,,,
797,000233918,,,
798,000224568,,,
799,000210773,,,
800,000174239,,,
801,000226188,,,
802,000224604,,,
803,000174287,06-09-22,07-09-22,
804,000233914,,,
805,000233915,,,
806,000233913,,,
807,000234191,05-09-22,19-09-22,
808,000210741,,,
809,000173981,,,
810,000227592,06-09-22,07-09-22,
811,000173919,,,
812,000179667,,,
813,000226189,,,
814,000234196,21-09-22,29-09-22,
815,000233916,,,
816,000174331,05-09-22,06-09-22,
817,000174302,,,
818,000126183,,,
819,000234193,18-08-22,19-08-22,
820,000224322,,,
821,000174266,,,
822,000233883,,,
823,000174269,,,
824,000233917,,,
825,000122936,,,
826,000233765,,,
827,000233884,,,
828,000127224,,,
829,000234195,,,
830,000173663,,,
831,000229474,,,
832,000233885,07-09-22,30-09-22,
833,000174405,,,
834,000224348,,,
835,000174810,,,
836,000234190,,,
837,030403602,,,350
838,030404624,,,350
839,030404619,,,350
840,030441102,,,
841,030401144,,,
842,030404652,,,
843,030404650,,,
844,030404617,,,350
845,030404467,,,350
846,040105542,,,
847,040118091,,,
848,040105549,,,
849,040107660,,,
850,040118374,,,
851,040107596,,,
852,040114020,,,
853,040118057,01-09-22,19-09-22,
854,040106096,,,
855,040118254,,,
856,040118092,,,
857,040117039,,,
858,040118093,,,
859,040117454,,,
860,040107149,,,
861,040117989,26-08-22,28-08-22,
862,040118652,12-09-22,13-09-22,
863,040116823,,,
864,040105624,,,
865,040114291,01-09-22,02-09-22,
866,040107744,,,
867,040117389,,,
868,040118375,,,
869,040103973,,,
870,040118094,,,
871,040104836,,,
872,040103974,,,
873,030606481,,,250
874,030640554,15-09-22,16-09-22,350
875,080104311,,,
876,080105124,13-09-22,14-09-22,
877,080104300,01-09-22,02-09-22,
878,080105118,,,
879,080106329,08-08-22,09-08-22,
880,080104301,29-08-22,03-09-22,
881,080104313,02-09-22,03-09-22,
882,080104302,17-09-22,19-09-22,
883,080104314,01-09-22,02-09-22,
884,080104303,,,
885,080103956,,,
886,080104315,26-08-22,11-09-22,
887,080104304,,,
888,080105121,02-09-22,03-09-22,
889,080104563,06-09-22,30-09-22,
890,080107430,10-09-22,12-09-22,
891,080104305,,,
892,080104665,,,
893,080109336,,,
894,080106454,,,
895,080106753,,,
896,080104306,,,
897,080112029,01-09-22,02-09-22,
898,080112694,,,
899,080106422,,,
900,080110130,,,
901,080106247,,,
902,080110266,,,
903,080110267,,,
904,080104318,12-09-22,13-09-22,
905,080104307,,,
906,080104299,,,
907,080104319,,,
908,080104320,19-09-22,20-09-22,
909,080104309,,,
910,080104664,,,
911,080104321,,,
912,080104310,,,
913,080605385,,,450
914,080607690,,,450
915,080602716,19-09-22,20-09-22,450
916,080606801,,,450
917,080602736,,,450
918,080607696,,,450
919,080602976,,,450
920,080602715,,,450
921,080604083,,,450
922,080607693,,,450
923,080602731,,,450
924,080605236,,,450
925,080607691,,,450
926,080607705,,,450
927,080602724,,,450
928,080602737,,,450
929,080607699,11-09-22,12-09-22,450
930,080602714,22-09-22,10-10-22,450
931,080607149,,,450
932,080604575,,,450
933,080607692,,,450
934,080605024,,,450
935,080603893,24-09-22,26-09-22,450
936,080607701,,,350
937,080607703,,,350
938,080607695,,,350
939,080604068,,,350
940,080604612,24-09-22,26-09-22,450
941,080604623,24-09-22,26-09-22,450
942,080605219,16-09-22,17-09-22,450
943,080602718,,,450
944,080607702,,,450
945,080602709,,,450
946,080604887,,,450
947,080603292,,,450
948,080606802,,,450
949,080603271,,,450
950,080607698,18-09-22,19-09-22,450
951,080607694,16-09-22,17-09-22,450
952,080604616,,,450
953,050212024,,,
954,050202481,,,
955,050203327,,,
956,050206046,,,
957,050203683,,,
958,050203763,,,
959,050203349,,,
960,050202468,,,
961,050211918,,,
962,050203326,,,
963,050208280,,,
964,050208308,,,
965,050202487,,,
966,050203880,,,
967,050203185,,,
968,050202488,,,
969,050202489,,,
970,050211366,,,
971,050202490,,,
972,050208940,,,
973,050202460,02-08-22,03-08-22,
974,050202499,01-09-22,02-09-22,
975,050203121,,,
976,050203348,,,
977,050203694,,,
978,050203927,,,
979,050212023,,,350
980,050202824,,,
981,050202847,,,
982,050203933,,,
983,050208533,,,
984,050202495,,,
985,050202462,15-09-22,16-09-22,
986,050212256,,,
987,050203759,,,
988,050211984,,,
989,050211365,,,
990,050211329,,,
991,020106423,19-09-22,20-09-22,350
992,020107679,,,
993,020106422,,,
994,020102373,,,
995,020104790,,,350
996,020107677,,,350
997,020101158,,,350
998,020105917,,,
999,020105636,,,350
1000,020105953,,,350
1001,020106830,,,
1002,020107067,19-09-22,20-09-22,
1003,020107947,,,
1004,020107954,,,350
1005,020107937,06-08-22,08-08-22,
1006,020105432,,,350
1007,020107951,,,350
1008,042105869,,,350
1009,042105397,,,350
1010,042104132,,,350
1011,042105816,,,350
1012,042105205,,,350
1013,042101081,,,350
1014,042103177,,,350
1015,042105247,,,350
1016,042105642,,,
1017,042105248,,,350
1018,042105868,,,350
1019,042105627,24-09-22,26-09-22,
1020,042105626,,,350
1021,042104181,,,350
1022,042105636,12-09-22,13-09-22,
1023,042105874,,,
1024,042105394,,,
1025,042105694,,,350
1026,042105204,,,350
1027,042105637,,,
1028,042105391,,,350
1029,042105206,,,350
1030,042104076,19-09-22,20-09-22,350
1031,042102100,,,350
1032,070722072,,,350
1033,070703201,,,350
1034,070717945,,,350
1035,070718834,,,350
1036,070715441,,,350
1037,070719344,,,350
1038,070719586,,,350
1039,070717917,,,350
1040,070719709,09-09-22,11-09-22,350
1041,070709351,24-09-22,25-09-22,350
1042,070715449,21-09-22,22-09-22,350
1043,070717924,23-09-22,27-09-22,350
1044,070703196,,,350
1045,070703200,,,350
1046,070717972,,,350
1047,070715448,,,350
1048,070718885,,,350
1049,070703216,,,350
1050,070704925,,,350
1051,070719596,,,350
1052,070719597,,,350
1053,070703197,,,350
1054,070705740,,,350
1055,070718920,23-09-22,24-09-22,350
1056,070721961,,,
1057,070717946,26-09-22,27-09-22,
1058,070718916,,,
1059,070709290,23-09-22,27-09-22,
1060,070722073,18-09-22,19-09-22,
1061,070706345,12-09-22,13-09-22,
1062,070722069,,,
1063,070718426,23-09-22,24-09-22,
1064,070722070,,,
1065,070718062,19-09-22,20-09-22,
1066,070705958,,,
1067,070705988,,,
1068,070713971,02-09-22,09-09-22,
1069,070721793,24-09-22,25-09-22,
1070,070718190,21-09-22,22-09-22,
1071,070717944,,,
1072,070712783,,,350
1073,070719266,,,350
1074,070703195,,,350
1075,070719584,,,350
1076,070717918,17-09-22,18-09-22,350
1077,070720296,21-09-22,23-09-22,350
1078,070719604,22-09-22,24-09-22,350
1079,070719334,17-09-22,19-09-22,350
1080,070719345,15-09-22,16-09-22,350
1081,070718884,,,350
1082,070717920,,,350
1083,070703199,24-09-22,26-09-22,350
1084,070714107,,,350
1085,070722071,,,350
1086,070714979,,,350
1087,090109022,,,
1088,090111994,,,450
1089,090109044,,,
1090,090109055,,,
1091,090111277,,,
1092,090109021,,,
1093,090111174,24-09-22,26-09-22,
1094,090112138,,,450
1095,090111176,,,450
1096,090111280,,,
1097,090109053,,,450
1098,090111281,24-09-22,26-09-22,450
1099,090112367,,,450
1100,090111283,24-09-22,26-09-22,450
1101,090111626,,,
1102,090112195,,,
1103,090111278,04-09-22,06-09-22,450
1104,090111627,24-09-22,26-09-22,450
1105,090111284,24-09-22,26-09-22,
1106,090109781,12-09-22,14-09-22,450
1107,090109178,,,450
1108,090109027,,,450
1109,090112325,,,450
1110,090111287,,,450
1111,090109052,,,450
1112,090109045,,,450
1113,030740949,,,
1114,030707872,,,350
1115,030702289,15-09-22,16-09-22,350
1116,030702290,16-09-22,17-09-22,350
1117,030740457,,,350
1118,030707868,,,350
1119,030707870,25-09-22,26-09-22,350
1120,030707876,23-09-22,25-09-22,350
1121,030707865,,,350
1122,030706728,,,350
1123,030702448,,,350
1124,030706394,03-08-22,04-08-22,350
1125,030740479,,,350
1126,030706380,24-08-22,25-08-22,350
1127,030707866,,,250
1128,030740446,,,250
1129,030707491,,,250
1130,030740447,,,250
1131,030702447,,,250
1132,030740456,,,350
1133,030740960,,,350
1134,030701316,,,350
1135,030740956,,,350
1136,030740957,,,350
1137,080501472,,,
1138,080501473,,,
1139,080501471,,,450
1140,050503716,,,
1141,050507089,,,
1142,050515738,,,
1143,050513801,,,
1144,050512463,,,
1145,050510030,,,
1146,050511670,,,
1147,050513800,,,
1148,050510453,,,
1149,050513155,07-09-22,30-09-22,
1150,050503381,09-09-22,12-09-22,
1151,050511669,14-09-22,30-09-22,
1152,050514948,,,
1153,050510610,,,
1154,050503459,,,
1155,050514784,,,
1156,050515743,04-09-22,05-09-22,
1157,050503393,,,
1158,050503382,,,
1159,050515463,,,
1160,050516438,,,
1161,050511668,,,
1162,050517669,,,
1163,050510623,,,
1164,050514673,,,
1165,050515099,15-09-22,17-09-22,
1166,050503675,,,
1167,050503368,,,
1168,050513799,,,
1169,050514802,,,
1170,050516586,,,
1171,050503383,,,
1172,050516584,,,
1173,050517672,,,
1174,050516579,,,
1175,050516580,,,
1176,050510511,,,
1177,050516324,,,
1178,050516581,,,
1179,050516582,,,
1180,050516583,,,
1181,050516585,,,
1182,050503778,,,
1183,050503826,,,
1184,050511086,02-09-22,16-09-22,
1185,091306267,22-08-22,23-08-22,450
1186,091301967,10-08-22,11-08-22,450
1187,091301402,14-09-22,15-09-22,450
1188,091301400,10-08-22,11-08-22,450
1189,091301708,08-09-22,09-09-22,450
1190,091301844,06-09-22,07-09-22,450
1191,091307697,,,450
1192,091306265,,,450
1193,091302627,,,450
1194,091301302,,,450
1195,091302628,,,450
1196,091301404,10-09-22,11-09-22,450
1197,091307051,12-09-22,13-09-22,450
1198,091306264,,,450
1199,091301403,,,450
1200,091301635,,,450
1201,091307629,,,450
1202,091303530,,,450
1203,091308151,,,350
1204,091302174,20-09-22,21-09-22,350
1205,091306294,16-09-22,18-09-22,350
1206,091306291,,,350
1207,091306266,,,450
1208,091301962,14-09-22,15-09-22,450
1209,060754007,,,
1210,060753367,,,
1211,060753292,,,
1212,060753448,,,
1213,060753291,,,
1214,060752706,,,
1215,060752707,,,
1216,060750510,,,
1217,060753791,,,
1218,060752708,,,
1219,060752925,,,
1220,060750502,,,
1221,060750504,,,
1222,060753371,,,
1223,060750501,,,
1224,060750500,,,
1225,060754069,,,
1226,060753372,,,
1227,060750508,,,
1228,060752712,,,
1229,060755046,,,
1230,060752709,,,
1231,060753373,,,
1232,060753374,,,
1233,060753369,,,
1234,060753792,,,
1235,060753793,,,
1236,060753375,,,
1237,060751527,,,
1238,060753368,,,
1239,060753263,,,
1240,060753290,,,
1241,060753683,,,
1242,060753293,,,
1243,060753366,,,
1244,060753789,,,
1245,060752711,,,
1246,060753370,,,
1247,060753790,,,
1248,060752713,,,
1249,060800858,,,
1250,060800861,,,
1251,060800519,,,
1252,060800878,,,
1253,060800332,,,
1254,060800502,,,
1255,060800859,,,
1256,060800503,,,
1257,060800880,,,
1258,060800336,,,
1259,060800517,,,
1260,060800877,,,
1261,060800501,,,
1262,060800876,,,
1263,060800853,,,
1264,060800488,,,
1265,060800875,,,
1266,060800504,,,
1267,060800500,,,
1268,060800516,,,
1269,060800879,,,
1270,060800518,,,
1271,030803504,,,400
1272,030805231,,,400
1273,030804046,,,400
1274,030804086,,,400
1275,030803603,,,400
1276,030802357,29-08-22,02-09-22,400
1277,030804406,,,400
1278,030804769,,,400
1279,030802065,,,400
1280,030805176,,,400
1281,030804935,,,
1282,030804936,,,
1283,030804416,,,
1284,030805200,,,
1285,030801979,05-09-22,07-09-22,
1286,030803738,01-09-22,03-09-22,
1287,030803740,,,
1288,030803602,,,400
1289,030805233,,,400
1290,030803739,,,400
1291,030803969,,,400
1292,030804761,,,400
1293,030802046,,,400
1294,030907506,,,400
1295,030909409,,,400
1296,030909211,,,400
1297,030941671,,,400
1298,030942230,,,400
1299,030909208,,,400
1300,030909140,08-08-22,14-08-22,400
1301,030902254,,,400
1302,030903432,,,400
1303,030909231,,,400
1304,030909237,,,400
1305,030942229,,,400
1306,030903318,,,400
1307,030907202,,,400
1308,030942227,,,400
1309,030909137,,,400
1310,040304387,,,
1311,040301702,,,
1312,040304461,,,
1313,040304459,,,
1314,040304460,,,
1315,040303758,,,
1316,040303073,,,
1317,040303075,,,
1318,040301277,,,
1319,040304531,,,
1320,040303076,,,
1321,040301278,,,
1322,040304728,,,
1323,040303706,,,
1324,040301267,01-09-22,05-09-22,
1325,040301280,,,
1326,040402459,,,400
1327,040402562,,,400
1328,040403162,,,400
1329,040404592,,,400
1330,040404647,,,400
1331,040402680,,,400
1332,040400652,,,400
1333,040402563,,,400
1334,040401548,,,
1335,040400651,,,
1336,040403686,01-09-22,30-09-22,400
1337,040403107,,,400
1338,040403710,,,400
1339,040403165,09-09-22,11-09-22,400
1340,090803778,,,450
1341,090802894,,,450
1342,090803753,,,450
1343,090802896,,,450
1344,090803754,,,450
1345,090802546,,,450
1346,090804074,,,450
1347,090801350,,,450
1348,090801119,,,450
1349,090802285,,,450
1350,090800726,,,450
1351,090803755,,,450
1352,090800725,,,
1353,061000772,,,
1354,061000773,,,
1355,061001418,,,
1356,061000774,,,
1357,061000809,,,
1358,061000787,,,
1359,061000775,,,
1360,061000776,,,
1361,061001419,,,
1362,061000777,,,
1363,061000778,,,
1364,061000789,,,
1365,061000877,,,
1366,061001173,,,
1367,061001294,,,
1368,061000804,,,
1369,040511779,,,
1370,040506756,05-09-22,30-09-22,
1371,040511694,,,
1372,040504237,,,
1373,040516242,,,
1374,040504229,,,
1375,040514649,,,
1376,040511283,20-09-22,21-09-22,
1377,040504230,,,
1378,040515613,,,
1379,040514703,,,
1380,040504257,,,
1381,040516372,05-09-22,25-09-22,
1382,040517228,,,
1383,040512188,,,
1384,040516170,,,
1385,040511243,,,
1386,040511284,07-09-22,08-09-22,
1387,040515614,,,
1388,040514632,,,
1389,040506914,,,
1390,040514650,,,
1391,040516121,,,
1392,040504240,,,
1393,040517240,,,
1394,040505250,,,
1395,040511693,,,
1396,040516171,,,
1397,040516173,,,
1398,040511462,,,
1399,040515432,,,
1400,040516172,,,
1401,040515537,,,
1402,040505910,,,
1403,040511244,,,
1404,040511205,,,
1405,040511246,,,
1406,040512573,,,
1407,040516435,,,
1408,040511245,,,
1409,040515620,,,
1410,040505601,,,
1411,040516436,,,
1412,040516609,,,
1413,040504243,,,
1414,080800559,,,450
1415,080800952,,,450
1416,080800948,,,450
1417,080800618,,,450
1418,080800757,,,450
1419,080800758,,,450
1420,080800944,,,450
1421,080800972,,,450
1422,080800624,,,450
1423,080800943,,,450
1424,080403539,,,
1425,080403533,06-09-22,07-09-22,
1426,080403550,,,
1427,080400897,,,
1428,080401847,02-09-22,03-09-22,
1429,080402559,20-09-22,26-09-22,
1430,080402922,09-09-22,12-09-22,
1431,080401617,,,
1432,080403449,,,
1433,080402723,22-09-22,23-09-22,
1434,080401021,16-09-22,17-09-22,
1435,080403451,01-09-22,02-09-22,
1436,080400899,,,
1437,080402724,,,
1438,080400898,,,
1439,061126563,,,
1440,061114224,,,
1441,061130603,,,
1442,061129746,21-09-22,22-09-22,
1443,061127581,,,
1444,061124052,,,
1445,061126564,,,
1446,061127579,,,
1447,061108534,,,
1448,061129174,,,
1449,061129641,,,
1450,061129034,,,
1451,061129033,,,
1452,061122679,,,
1453,061127558,,,
1454,061125347,,,
1455,061127888,,,
1456,061128397,,,
1457,061125413,,,
1458,061126913,21-09-22,23-09-22,
1459,061116308,,,
1460,061115161,,,
1461,061128439,,,
1462,061128095,,,
1463,061117962,,,
1464,061128875,,,
1465,061129027,,,
1466,061127100,24-09-22,25-09-22,
1467,061122343,,,
1468,061127559,,,
1469,061119889,,,
1470,061121227,,,
1471,061126910,,,
1472,061128143,,,
1473,061122344,,,
1474,061129640,,,
1475,061127690,,,
1476,061121221,22-08-22,24-08-22,
1477,061128877,,,
1478,061128091,,,
1479,061116808,,,
1480,061118186,,,
1481,061119746,,,
1482,061127884,,,
1483,061129747,,,
1484,061120119,,,
1485,061117329,,,
1486,061130545,,,
1487,061117781,,,
1488,061115333,01-08-22,08-08-22,
1489,061110415,02-09-22,03-09-22,
1490,061127538,,,
1491,061125585,,,
1492,061115163,,,
1493,061129310,,,
1494,061108538,,,
1495,061121455,,,
1496,061113492,,,
1497,061127477,,,
1498,061129914,,,
1499,010503686,,,350
1500,010501203,,,350
1501,010506039,,,350
1502,010506040,,,350
1503,010501208,,,350
1504,010505747,,,250
1505,010506900,,,250
1506,010506037,,,350
1507,010504460,,,350
1508,010506904,,,350
1509,010502506,,,350
1510,010503749,,,350
1511,010503793,,,350
1512,010501279,,,350
1513,010501356,,,350
1514,050110049,22-09-22,26-09-22,
1515,050104574,10-09-22,14-09-22,
1516,050110258,18-09-22,19-09-22,
1517,050105145,20-08-22,22-08-22,
1518,050111667,,,
1519,050105732,,,
1520,050105946,,,
1521,050103663,02-08-22,03-08-22,
1522,050105146,24-09-22,26-09-22,
1523,050105147,07-09-22,12-09-22,
1524,050110052,17-09-22,19-09-22,
1525,050103698,,,
1526,050105731,11-09-22,12-09-22,
1527,050112488,24-09-22,26-09-22,
1528,050109811,24-09-22,26-09-22,
1529,050114064,,,
1530,050113052,23-09-22,26-09-22,
1531,050112916,18-09-22,19-09-22,
1532,050105266,,,
1533,050113587,24-09-22,26-09-22,
1534,050113045,,,
1535,050111464,05-09-22,08-09-22,
1536,050103868,18-09-22,19-09-22,
1537,050111583,,,
1538,050106448,,,
1539,050106449,14-09-22,17-09-22,
1540,050113521,,,
1541,050113895,,,
1542,050114066,,,
1543,050105473,,,
1544,050114918,,,
1545,050113894,,,
1546,050110798,10-09-22,12-09-22,
1547,050113781,,,
1548,050114065,,,
1549,050105225,,,
1550,050114095,,,
1551,050109808,16-09-22,19-09-22,
1552,050105728,08-09-22,09-09-22,
1553,050111465,09-08-22,11-08-22,
1554,050105733,,,
1555,030122525,18-09-22,19-09-22,
1556,030147268,,,
1557,030130477,,,
1558,030112610,21-09-22,29-09-22,
1559,030129729,25-09-22,27-09-22,
1560,030119210,,,
1561,030120480,23-08-22,25-08-22,
1562,030128704,,,
1563,030121497,,,
1564,030122454,,,
1565,030128888,,,
1566,030129274,01-09-22,02-09-22,
1567,030110785,14-09-22,16-09-22,
1568,030124597,,,
1569,030125438,12-09-22,26-09-22,
1570,030125622,19-09-22,21-09-22,
1571,030129275,,,
1572,030129282,,,
1573,030129276,,,
1574,030128319,,,
1575,030129029,,,
1576,030124775,,,
1577,030128794,,,
1578,030127968,,,
1579,030129068,,,
1580,030127973,,,
1581,030129286,,,
1582,030130479,,,
1583,030128768,,,
1584,030128886,,,
1585,030128887,,,
1586,030128769,,,
1587,030129027,,,
1588,030129723,,,
1589,030145175,17-09-22,26-09-22,
1590,030116219,,,
1591,030145177,,,
1592,030125946,,,
1593,030124159,08-09-22,26-09-22,
1594,030122498,,,
1595,030120060,,,
1596,050715042,,,
1597,050712956,,,
1598,050714563,,,
1599,050712957,,,
1600,050714500,,,
1601,050714546,,,
1602,050703024,,,
1603,050702777,,,
1604,050702774,,,
1605,050714564,,,
1606,050704417,,,
1607,050714561,,,
1608,050714689,,,
1609,050715735,,,
1610,050715306,,,
1611,050712082,,,
1612,050711489,,,
1613,050715013,,,
1614,050715732,,,
1615,050715307,,,
1616,050715016,,,
1617,050715315,,,
1618,050715009,,,
1619,050704937,,,
1620,050715148,,,
1621,090903117,,,450
1622,090900907,,,450
1623,090903019,,,450
1624,090901503,,,450
1625,090903116,,,450
1626,090901435,,,450
1627,090903118,,,450
1628,090901512,,,450
1629,090903017,,,450
1630,090903020,,,450
1631,070105758,,,
1632,070120594,,,
1633,070116667,,,
1634,070122772,,,
1635,070121619,,,
1636,070121423,,,
1637,070111495,,,
1638,070122005,,,
1639,070119845,,,
1640,070112689,,,
1641,070120582,15-09-22,16-09-22,
1642,070120064,12-09-22,30-09-22,
1643,070121944,,,
1644,070111571,,,
1645,070121574,,,
1646,070120901,,,
1647,070119817,,,
1648,070117385,12-09-22,13-09-22,
1649,070123510,,,
1650,070120063,,,
1651,070120065,,,
1652,070109821,,,
1653,070119633,,,350
1654,070120925,,,
1655,070123404,,,
1656,070120861,,,
1657,070121482,,,
1658,070105320,23-09-22,24-09-22,
1659,070120924,17-09-22,18-09-22,
1660,070120902,18-09-22,19-09-22,
1661,011600363,,,350
1662,011600475,,,350
1663,011600200,,,
1664,011600231,,,
1665,061205884,19-09-22,21-09-22,
1666,061205759,,,
1667,061206048,,,
1668,061203144,,,
1669,061203291,,,
1670,061203163,,,
1671,061207284,,,
1672,061204913,,,
1673,061203158,,,
1674,061205279,,,
1675,061203146,,,
1676,061203164,,,
1677,061205023,,,
1678,061205941,,,
1679,061210220,,,
1680,061207976,,,
1681,061203166,,,
1682,061205994,,,
1683,061203167,,,
1684,061210101,,,
1685,061209906,,,
1686,061203168,,,
1687,061203169,,,
1688,061203173,,,
1689,061209932,,,
1690,061203147,,,
1691,061208398,,,
1692,061204234,,,
1693,061204879,,,
1694,061210100,,,
1695,061208176,,,
1696,061205275,,,
1697,061206026,,,
1698,061205022,,,
1699,061208888,,,
1700,061206719,,,
1701,061203150,,,
1702,061209394,,,
1703,061203151,,,
1704,061205334,,,
1705,061205277,,,
1706,061205822,,,
1707,061209933,,,
1708,061210099,18-08-22,19-08-22,
1709,061210218,,,
1710,061205771,,,
1711,010700982,,,
1712,010700980,,,
1713,010704810,,,
1714,010703244,,,
1715,010700979,01-09-22,05-09-22,
1716,010700970,,,
1717,010704718,07-09-22,08-09-22,
1718,010704009,,,
1719,010703408,,,
1720,010704809,,,
1721,010704813,,,
1722,010700969,01-09-22,02-09-22,350
1723,010700973,,,350
1724,010704719,,,
1725,010700967,,,350
1726,010704811,,,
1727,010704812,,,
1728,010802743,,,
1729,010804317,,,350
1730,010805245,,,350
1731,010802744,,,
1732,010805001,,,
1733,010807763,,,350
1734,010807895,,,
1735,010801126,,,350
1736,010801115,,,350
1737,010801129,,,
1738,010804318,,,350
1739,010804319,25-09-22,27-09-22,350
1740,010802745,,,
1741,010804324,,,350
1742,010801101,,,350
1743,010807720,,,350
1744,010804320,,,350
1745,010804323,,,350
1746,010807539,,,350
1747,010801102,,,350
1748,010801181,,,350
1749,010801136,,,250
1750,010804371,,,250
1751,010807002,,,250
1752,010807838,,,250
1753,010806934,22-09-22,25-09-22,250
1754,010805250,,,350
1755,010806285,20-09-22,22-09-22,350
1756,010802746,,,
1757,080701423,,,450
1758,080702351,,,450
1759,080702140,,,450
1760,080701439,,,450
1761,080701426,,,450
1762,080701427,,,450
1763,080702118,,,450
1764,080704911,,,450
1765,080701614,,,
1766,080701430,,,450
1767,080701431,,,450
1768,080702042,,,
1769,080704904,,,450
1770,080704678,,,
1771,080703634,,,
1772,080701433,,,
1773,010907237,,,
1774,010904504,,,
1775,010904505,,,
1776,010905873,,,
1777,010907228,,,
1778,010901032,,,
1779,010907234,,,
1780,010905652,,,
1781,010907236,,,
1782,010906314,,,
1783,010907001,,,
1784,010905725,,,
1785,010902447,,,
1786,010904978,,,
1787,010901243,,,
1788,070306939,,,350
1789,070308320,,,350
1790,070306326,,,350
1791,070308638,,,350
1792,070307885,,,350
1793,070306325,,,350
1794,070308513,,,350
1795,070305361,,,350
1796,070306112,,,350
1797,070306085,,,350
1798,070308637,,,350
1799,070308706,20-09-22,26-09-22,350
1800,070308515,,,350
1801,070305453,,,
1802,070301826,,,
1803,070308569,,,
1804,070306876,,,
1805,070306118,,,
1806,070303036,,,
1807,070305842,,,
1808,070301430,,,
1809,070303037,,,
1810,070308689,,,
1811,070306113,,,
1812,070308566,,,350
1813,070305778,,,350
1814,070301295,,,350
1815,070306323,,,350
1816,040608518,01-09-22,02-09-22,
1817,040602085,,,
1818,040610030,,,
1819,040602125,,,
1820,040602369,,,
1821,040602348,,,
1822,040607521,,,
1823,040602391,,,
1824,040609595,,,
1825,040602327,,,
1826,040602323,,,
1827,040602052,,,
1828,040609085,,,
1829,040602027,21-09-22,22-09-22,
1830,040602029,,,
1831,040602086,,,
1832,040602398,,,
1833,040608602,,,
1834,040602379,29-07-22,30-07-22,
1835,040607092,,,
1836,040609954,,,
1837,040608516,,,
1838,050806253,,,350
1839,091006657,,,450
1840,091011176,,,450
1841,091006659,,,450
1842,091005168,,,450
1843,091006660,,,450
1844,091009985,,,450
1845,090301120,,,450
1846,091006655,,,450
1847,091002572,,,450
1848,090300758,,,450
1849,090301690,,,450
1850,091006651,,,450
1851,090301607,,,450
1852,091006661,,,450
1853,091006565,,,450
1854,091005165,12-09-22,13-09-22,
1855,091006654,,,
1856,091006656,,,
1857,091006653,,,
1858,091006652,,,
1859,091006253,,,450
1860,091009927,,,450
1861,091005164,,,450
1862,091006663,,,450
1863,070404116,,,400
1864,070406879,,,400
1865,070403863,,,400
1866,070401649,,,400
1867,070406424,,,400
1868,070406687,,,400
1869,070406939,,,350
1870,070406885,,,350
1871,070406688,,,350
1872,070407069,,,400
1873,070407293,20-09-22,30-09-22,400
1874,070406255,,,400
1875,070406874,,,400
1876,070404452,,,400
1877,070406941,,,350
1878,070406938,,,350
1879,070406940,,,350
1880,070404277,,,400
1881,070404849,,,400
1882,070406428,,,
1883,070508180,,,
1884,070510684,,,
1885,070513104,,,
1886,070516129,,,
1887,070512571,,,350
1888,070506013,,,350
1889,070506011,,,
1890,070502862,,,
1891,070515598,,,
1892,070509904,,,
1893,070516376,,,
1894,070514996,,,350
1895,070509903,,,
1896,070516287,,,
1897,070515301,,,350
1898,070514971,,,350
1899,070509902,,,
1900,070506017,,,350
1901,070507458,,,
1902,070516285,,,350
1903,070503557,,,350
1904,070513604,,,350
1905,070506019,,,
1906,070513613,,,
1907,070509863,,,
1908,070515125,,,350
1909,070516131,,,
1910,070510348,,,350
1911,070515530,,,
1912,070513137,,,
1913,061601523,,,
1914,061601969,,,
1915,061601971,,,
1916,061601520,,,
1917,061601521,,,
1918,061601966,,,
1919,061601982,,,
1920,061601629,,,
1921,061601669,,,
1922,061601006,,,
1923,061600890,,,
1924,061601526,,,
1925,061601539,,,
1926,061601548,,,
1927,061601545,,,
1928,061601527,,,
1929,061600961,,,
1930,061601540,,,
1931,061601630,,,
1932,061601988,,,
1933,061601632,,,
1934,061601983,,,
1935,061600893,,,
1936,061601655,,,
1937,061601987,,,
1938,061602053,,,
1939,061600964,,,
1940,040710551,,,
1941,040701909,,,
1942,040710553,,,
1943,040710558,,,
1944,040710554,,,
1945,040710549,,,
1946,040710552,,,
1947,040707347,,,
1948,040710559,,,
1949,040710557,,,
1950,040710162,,,
1951,040708614,,,
1952,040710496,,,
1953,040710527,,,
1954,040710590,,,
1955,040710556,,,
1956,040710537,,,
1957,040710764,,,
1958,040710550,,,
1959,070600798,,,400
1960,070602302,,,400
1961,070602901,,,400
1962,070600881,,,400
1963,070602578,,,400
1964,070601795,,,400
1965,070602301,,,400
1966,070601474,,,400
1967,070602303,,,400
1968,011001812,,,350
1969,011001391,,,350
1970,011001392,,,350
1971,011001383,,,350
1972,011001386,,,350
1973,011001390,,,350
1974,011001385,,,350
1975,011001399,,,350
1976,011007515,,,350
1977,011001381,,,
1978,011007672,,,
1979,011001398,,,350
1980,011001366,,,350
1981,011001373,,,250
1982,011005735,,,250
1983,011007693,,,250
